{"cameraMode":{"drawMode":0,"name":"Shaded","section":"Shading Mode"},"sceneLighting":true,"audioPlay":false,"sceneViewState":{"showFog":true,"showMaterialUpdate":false,"showSkybox":true,"showFlares":true,"showImageEffects":true,"showParticleSystems":true},"in2DMode":false,"pivot":{"x":-31.121864318847658,"y":-6.597801208496094,"z":31.584836959838868},"rotation":{"x":-0.09446728974580765,"y":0.4088267982006073,"z":-0.042595274746418,"w":-0.906709611415863},"size":50.01296615600586,"orthographic":false}