{"cameraMode":{"drawMode":0,"name":"Shaded","section":"Shading Mode"},"sceneLighting":true,"audioPlay":false,"sceneViewState":{"showFog":true,"showMaterialUpdate":false,"showSkybox":true,"showFlares":true,"showImageEffects":true,"showParticleSystems":true},"in2DMode":false,"pivot":{"x":41.21930694580078,"y":-25.169776916503908,"z":33.073341369628909},"rotation":{"x":-0.31034761667251589,"y":-0.21507932245731355,"z":0.07230617105960846,"w":-0.9231452345848084},"size":50.01296615600586,"orthographic":false}